use fitnesswellnessdb;
INSERT INTO HealthMetrics (Metric_Record_ID, sleep_schedule, BMI, BloodPressure, FitnessLevel, Height, Weight, HeartRate)
VALUES
(1, '08:00:00', 22.5, '120/80', 'Average', 170.5, 70.2, 75),
(2, '07:30:00', 26.3, '130/85', 'Moderate', 165.2, 80.5, 80),
(3, '09:00:00', 20.8, '115/75', 'High', 180.0, 65.8, 70),
(4, '08:45:00', 24.1, '125/82', 'Average', 175.0, 75.0, 72),
(5, '06:30:00', 21.9, '118/79', 'Moderate', 172.8, 72.3, 78),
(6, '07:15:00', 23.7, '122/76', 'High', 178.5, 78.5, 68),
(7, '08:30:00', 25.4, '128/81', 'Average', 169.3, 71.8, 77),
(8, '07:45:00', 21.2, '117/77', 'Moderate', 173.7, 74.6, 79),
(9, '06:00:00', 22.8, '121/79', 'High', 177.1, 77.3, 73),
(10, '09:15:00', 24.9, '126/83', 'Average', 171.6, 69.9, 76),
(11, '08:20:00', 20.5, '114/76', 'Moderate', 174.9, 76.2, 81),
(12, '07:00:00', 23.2, '123/81', 'High', 176.4, 79.8, 72),
(13, '08:45:00', 26.0, '131/84', 'Average', 168.2, 70.5, 75),
(14, '07:30:00', 22.1, '119/78', 'Moderate', 175.8, 75.3, 78),
(15, '09:00:00', 24.5, '127/80', 'High', 172.3, 73.1, 71),
(16, '08:15:00', 20.3, '113/75', 'Average', 179.6, 78.4, 74),
(17, '06:45:00', 25.6, '129/82', 'Moderate', 167.5, 68.7, 79),
(18, '09:30:00', 23.0, '120/77', 'High', 174.2, 72.8, 70),
(19, '08:00:00', 22.2, '118/76', 'Average', 176.8, 77.5, 72),
(20, '07:15:00', 26.8, '132/86', 'Moderate', 166.1, 69.1, 80),
(21, '09:45:00', 21.7, '116/78', 'High', 170.9, 71.2, 76),
(22, '08:30:00', 24.3, '124/82', 'Average', 173.4, 74.9, 78),
(23, '06:15:00', 23.9, '125/79', 'Moderate', 178.9, 79.3, 75),
(24, '09:00:00', 21.8, '119/78', 'High', 169.6, 71.7, 73),
(25, '08:00:00', 25.1, '130/83', 'Average', 175.2, 76.8, 77),
(26, '07:45:00', 20.1, '112/74', 'Moderate', 180.5, 79.2, 80),
(27, '06:30:00', 24.7, '128/81', 'High', 168.7, 70.6, 74),
(28, '08:15:00', 22.6, '117/75', 'Average', 172.4, 73.9, 76),
(29, '07:00:00', 26.2, '133/85', 'Moderate', 177.8, 78.1, 78),
(30, '09:30:00', 21.5, '116/77', 'High', 171.1, 71.5, 72);

INSERT INTO Account (Password, Username, Account_id)
VALUES
('p4ssw0rd1', 'user1', 1),
('3xAmPleP@ss', 'user2', 2),
('r@nd0mPwd', 'user3', 3),
('Secur3Pwd!', 'user4', 4),
('MyR@nd0mP@ss', 'user5', 5),
('P@ssword123', 'user6', 6),
('p@ssW0rd456', 'user7', 7),
('pwd!S3cur3', 'user8', 8),
('Qwerty123!', 'user9', 9),
('P@ssw0rd!', 'user10', 10),
('RandomPwd123', 'user11', 11),
('Str0ngP@ss', 'user12', 12),
('P@ssw0rd456', 'user13', 13),
('S3cur3Pwd', 'user14', 14),
('P@ssword!123', 'user15', 15),
('P@ssw0rd1!', 'user16', 16),
('Pwd1234!', 'user17', 17),
('Pa$$w0rd', 'user18', 18),
('StrongPwd456', 'user19', 19),
('Password123!', 'user20', 20),
('P@ssword1234', 'user21', 21),
('Pwd!Secure', 'user22', 22),
('P@ssw0rd!123', 'user23', 23),
('SecurePwd123', 'user24', 24),
('Pa$$w0rd!123', 'user25', 25),
('P@ssword456', 'user26', 26),
('Pwd123456!', 'user27', 27),
('MyP@ssw0rd', 'user28', 28),
('RandomPwd!123', 'user29', 29),
('SecurePassword', 'user30', 30);

INSERT INTO User_Record (Age, Gender, Location, Name, Phone_number, Account_id)
VALUES
(25, 'Male', 'New York', 'John Doe', '+1234567890', 1),
(30, 'Female', 'Los Angeles', 'Alice Smith', '+1987654321', 2),
(35, 'Male', 'Chicago', 'Michael Johnson', '+1765432987', 3),
(28, 'Female', 'Houston', 'Emily Davis', '+1654321876', 4),
(40, 'Male', 'San Francisco', 'Robert Wilson', '+1543218765', 5),
(33, 'Female', 'Seattle', 'Jessica Lee', '+1234876509', 6),
(45, 'Male', 'Miami', 'Christopher Brown', '+1987654321', 7),
(27, 'Female', 'Denver', 'Emma Garcia', '+1765432987', 8),
(38, 'Male', 'Dallas', 'Daniel Martinez', '+1654321876', 9),
(29, 'Female', 'Phoenix', 'Sarah Hernandez', '+1543218765', 10),
(36, 'Male', 'New York', 'James Wilson', '+1234567890', 11),
(31, 'Female', 'Los Angeles', 'Sophia Johnson', '+1987654321', 12),
(34, 'Male', 'Chicago', 'Matthew Brown', '+1765432987', 13),
(26, 'Female', 'Houston', 'Olivia Davis', '+1654321876', 14),
(39, 'Male', 'San Francisco', 'Ethan Miller', '+1543218765', 15),
(32, 'Female', 'Seattle', 'Ava Garcia', '+1234876509', 16),
(47, 'Male', 'Miami', 'Noah Rodriguez', '+1987654321', 17),
(28, 'Female', 'Denver', 'Isabella Martinez', '+1765432987', 18),
(41, 'Male', 'Dallas', 'Mason Hernandez', '+1654321876', 19),
(30, 'Female', 'Phoenix', 'Sophia Lopez', '+1543218765', 20),
(37, 'Male', 'New York', 'Emma Perez', '+1234567890', 21),
(33, 'Female', 'Los Angeles', 'Jacob Gonzalez', '+1987654321', 22),
(36, 'Male', 'Chicago', 'Logan Campbell', '+1765432987', 23),
(29, 'Female', 'Houston', 'Avery Flores', '+1654321876', 24),
(42, 'Male', 'San Francisco', 'Liam Collins', '+1543218765', 25),
(34, 'Female', 'Seattle', 'Mia Stewart', '+1234876509', 26),
(45, 'Male', 'Miami', 'Jackson Ramirez', '+1987654321', 27),
(27, 'Female', 'Denver', 'Evelyn Sanders', '+1765432987', 28),
(40, 'Male', 'Dallas', 'David Bryant', '+1654321876', 29),
(31, 'Female', 'Phoenix', 'Abigail Kim', '+1543218765', 30);

INSERT INTO Membership_plan (Start_date, End_date, Pricing, Membership_ID)
VALUES
('2024-01-01', '2024-12-31', 100.00, 101),
('2024-01-15', '2024-12-15', 75.00, 102),
('2024-02-01', '2024-12-31', 120.00, 103),
('2024-02-15', '2024-11-30', 90.00, 104),
('2024-03-01', '2024-12-31', 110.00, 105),
('2024-03-15', '2024-12-15', 80.00, 106),
('2024-04-01', '2024-12-31', 130.00, 107),
('2024-04-15', '2024-12-15', 85.00, 108),
('2024-05-01', '2024-12-31', 140.00, 109),
('2024-05-15', '2024-12-15', 95.00, 110),
('2024-06-01', '2024-12-31', 150.00, 111),
('2024-06-15', '2024-12-15', 100.00, 112),
('2024-07-01', '2024-12-31', 160.00, 113),
('2024-07-15', '2024-12-15', 105.00, 114),
('2024-08-01', '2024-12-31', 170.00, 115),
('2024-08-15', '2024-12-15', 110.00, 116),
('2024-09-01', '2024-12-31', 180.00, 117),
('2024-09-15', '2024-12-15', 115.00, 118),
('2024-10-01', '2024-12-31', 190.00, 119),
('2024-10-15', '2024-12-15', 120.00, 120),
('2024-11-01', '2024-12-31', 200.00, 121),
('2024-11-15', '2024-12-15', 125.00, 122),
('2024-12-01', '2024-12-31', 210.00, 123),
('2024-12-15', '2024-12-15', 130.00, 124),
('2025-01-01', '2025-12-31', 220.00, 125),
('2025-01-15', '2025-12-15', 135.00, 126),
('2025-02-01', '2025-12-31', 230.00, 127),
('2025-02-15', '2025-12-15', 140.00, 128),
('2025-03-01', '2025-12-31', 240.00, 129),
('2025-03-15', '2025-12-15', 145.00, 130);

INSERT INTO Instructor (Qualification, Instructor_name, Rating, Courses_Taught, Membership_ID)
VALUES
('Certified Personal Trainer', 'John Smith', 4.5, 'Weightlifting, Cardio', 101),
('Yoga Alliance Certified', 'Emily Johnson', 4.8, 'Yoga, Meditation', 102),
('Certified Nutritionist', 'Michael Brown', 4.3, 'Nutrition, Diet Planning', 103),
('Certified Pilates Instructor', 'Sarah Wilson', 4.6, 'Pilates, Core Strengthening', 104),
('Certified Fitness Coach', 'Jessica Martinez', 4.7, 'Functional Training, HIIT', 105),
('Certified Yoga Instructor', 'David Taylor', 4.4, 'Yoga, Stretching', 106),
('Certified Group Fitness Instructor', 'Rachel Garcia', 4.5, 'Zumba, Aerobics', 107),
('Certified CrossFit Trainer', 'Matthew Hernandez', 4.9, 'CrossFit, Functional Training', 108),
('Certified Cycling Instructor', 'Emma Davis', 4.3, 'Indoor Cycling, Spinning', 109),
('Certified Martial Arts Instructor', 'James Wilson', 4.7, 'Karate, Taekwondo', 110),
('Certified Dance Instructor', 'Ava Thompson', 4.6, 'Hip Hop, Ballet', 111),
('Certified Barre Instructor', 'Olivia Martinez', 4.5, 'Barre, Ballet', 112),
('Certified Swimming Instructor', 'Daniel Garcia', 4.8, 'Swimming, Aquatics', 113),
('Certified Kickboxing Instructor', 'Sophia Johnson', 4.4, 'Kickboxing, Muay Thai', 114),
('Certified Bootcamp Trainer', 'Logan Smith', 4.6, 'Bootcamp, Circuit Training', 115),
('Certified Tai Chi Instructor', 'Isabella Brown', 4.7, 'Tai Chi, Qigong', 116),
('Certified Stretching Coach', 'Noah Wilson', 4.5, 'Stretching, Flexibility', 117),
('Certified TRX Trainer', 'Liam Taylor', 4.8, 'TRX, Suspension Training', 118),
('Certified Kettlebell Instructor', 'Ethan Davis', 4.3, 'Kettlebell, Functional Training', 119),
('Certified Boxing Coach', 'Mia Garcia', 4.7, 'Boxing, MMA', 120),
('Certified Cross-Country Coach', 'Jackson Smith', 4.6, 'Cross-Country, Running', 121),
('Certified Climbing Instructor', 'Evelyn Hernandez', 4.9, 'Rock Climbing, Bouldering', 122),
('Certified Rowing Coach', 'Christopher Wilson', 4.5, 'Rowing, Crew', 123),
('Certified Spinning Instructor', 'Sophia Taylor', 4.7, 'Spinning, Indoor Cycling', 124),
('Certified Functional Training Coach', 'Aiden Brown', 4.4, 'Functional Training, Strength', 125),
('Certified Bodybuilding Trainer', 'Madison Martinez', 4.8, 'Bodybuilding, Muscle Building', 126),
('Certified Powerlifting Coach', 'Lucas Garcia', 4.6, 'Powerlifting, Strength Training', 127),
('Certified Running Coach', 'Avery Johnson', 4.5, 'Running, Endurance', 128),
('Certified Nutrition Coach', 'Ella Smith', 4.9, 'Nutrition, Meal Planning', 129),
('Certified Flexibility Trainer', 'Benjamin Wilson', 4.7, 'Flexibility, Mobility', 130);

INSERT INTO Classes (Date, Class_Type, Capacity, Duration, Class_ID, Workout_Name, Instructor_Name)
VALUES
('2024-04-01', 'Online', 20, '01:00:00', 1001, 'Weightlifting Basics', 'John Smith'),
('2024-04-02', 'InPerson', 15, '00:45:00', 1002, 'Yoga Flow', 'Emily Johnson'),
('2024-04-03', 'Online', 25, '00:45:00', 1003, 'Cardio Blast', 'Michael Brown'),
('2024-04-04', 'InPerson', 20, '01:00:00', 1004, 'Pilates Core', 'Sarah Wilson'),
('2024-04-05', 'Online', 30, '01:00:00', 1005, 'Functional Training', 'Jessica Martinez'),
('2024-04-06', 'InPerson', 25, '00:45:00', 1006, 'Power Yoga', 'David Taylor'),
('2024-04-07', 'Online', 20, '01:00:00', 1007, 'Zumba Fitness', 'Rachel Garcia'),
('2024-04-08', 'InPerson', 15, '00:45:00', 1008, 'CrossFit Conditioning', 'Matthew Hernandez'),
('2024-04-09', 'Online', 25, '01:00:00', 1009, 'Indoor Cycling', 'Emma Davis'),
('2024-04-10', 'InPerson', 20, '00:45:00', 1010, 'Martial Arts Workout', 'James Wilson'),
('2024-04-11', 'Online', 30, '01:00:00', 1011, 'Hip Hop Dance', 'Ava Thompson'),
('2024-04-12', 'InPerson', 25, '00:45:00', 1012, 'Barre Sculpt', 'Olivia Martinez'),
('2024-04-13', 'Online', 20, '01:00:00', 1013, 'Swimming Drills', 'Daniel Garcia'),
('2024-04-14', 'InPerson', 15, '00:45:00', 1014, 'Kickboxing Cardio', 'Sophia Johnson'),
('2024-04-15', 'Online', 25, '01:00:00', 1015, 'Bootcamp Challenge', 'Logan Smith'),
('2024-04-16', 'InPerson', 20, '00:45:00', 1016, 'Tai Chi Flow', 'Isabella Brown'),
('2024-04-17', 'Online', 30, '01:00:00', 1017, 'Stretch & Flex', 'Noah Wilson'),
('2024-04-18', 'InPerson', 25, '00:45:00', 1018, 'TRX Suspension', 'Liam Taylor'),
('2024-04-19', 'Online', 20, '01:00:00', 1019, 'Kettlebell Strength', 'Ethan Davis'),
('2024-04-20', 'InPerson', 15, '00:45:00', 1020, 'Boxing Basics', 'Mia Garcia'),
('2024-04-21', 'Online', 25, '01:00:00', 1021, 'Cross-Country Run', 'Jackson Smith'),
('2024-04-22', 'InPerson', 20, '00:45:00', 1022, 'Rock Climbing', 'Evelyn Hernandez'),
('2024-04-23', 'Online', 30, '01:00:00', 1023, 'Rowing Challenge', 'Christopher Wilson'),
('2024-04-24', 'InPerson', 25, '00:45:00', 1024, 'Spinning Sprint', 'Sophia Taylor'),
('2024-04-25', 'Online', 20, '01:00:00', 1025, 'Functional Fitness', 'Aiden Brown'),
('2024-04-26', 'InPerson', 15, '00:45:00', 1026, 'Bodybuilding Pump', 'Madison Martinez'),
('2024-04-27', 'Online', 25, '01:00:00', 1027, 'Powerlifting Basics', 'Lucas Garcia'),
('2024-04-28', 'InPerson', 20, '00:45:00', 1028, 'Running Technique', 'Avery Johnson'),
('2024-04-29', 'Online', 30, '01:00:00', 1029, 'Nutrition Seminar', 'Ella Smith');
insert into classes (Date, Class_Type, Capacity, Duration, Class_ID, Workout_Name, Instructor_Name)
values ('2024-04-30','InPerson',28,'00:45:00','1030','EMOM', 'Benjamin Wilson');

DELETE FROM User
ORDER BY User_id DESC
LIMIT 30;

INSERT INTO User (Name, User_ID, Email, Membership_ID)
VALUES
('John Doe', 10001, 'JohnDoe@gmail.com', 101),
('Alice Smith', 10002, 'AliceSmith@gmail.com', 102),
('Michael Johnson', 10003, 'MichaelJohnson@gmail.com', 103),
('Emily Davis', 10004, 'EmilyDavis@gmail.com', 104),
('Robert Wilson', 10005, 'RobertWilson@gmail.com', 105),
('Jessica Lee', 10006, 'JessicaLee@gmail.com', 106),
('Christopher Brown', 10007, 'ChristopherBrown@gmail.com', 107),
('Emma Garcia', 10008, 'EmmaGarcia@gmail.com', 108),
('Daniel Martinez', 10009, 'DanielMartinez@gmail.com', 109),
('Sarah Hernandez', 10010, 'SarahHernandez@gmail.com', 110),
('James Wilson', 10011, 'JamesWilson@gmail.com', 111),
('Sophia Johnson', 10012, 'SophiaJohnson@gmail.com', 112),
('Matthew Brown', 10013, 'MatthewBrown@gmail.com', 113),
('Olivia Davis', 10014, 'OliviaDavis@gmail.com', 114),
('Ethan Miller', 10015, 'EthanMiller@gmail.com', 115),
('Ava Garcia', 10016, 'AvaGarcia@gmail.com', 116),
('Noah Rodriguez', 10017, 'NoahRodriguez@gmail.com', 117),
('Isabella Martinez', 10018, 'IsabellaMartinez@gmail.com', 118),
('Mason Hernandez', 10019, 'MasonHernandez@gmail.com', 119),
('Sophia Lopez', 10020, 'SophiaLopez@gmail.com', 120),
('Emma Perez', 10021, 'EmmaPerez@gmail.com', 121),
('Jacob Gonzalez', 10022, 'JacobGonzalez@gmail.com', 122),
('Logan Campbell', 10023, 'LoganCampbell@gmail.com', 123),
('Avery Flores', 10024, 'AveryFlores@gmail.com', 124),
('Liam Collins', 10025, 'LiamCollins@gmail.com', 125),
('Mia Stewart', 10026, 'MiaStewart@gmail.com', 126),
('Jackson Ramirez', 10027, 'JacksonRamirez@gmail.com', 127),
('Evelyn Sanders', 10028, 'EvelynSanders@gmail.com', 128),
('David Bryant', 10029, 'DavidBryant@gmail.com', 129),
('Abigail Kim', 10030, 'AbigailKim@gmail.com', 130);

INSERT INTO Activity (Type, Workout_Name, Calories_Burned, Duration, Class_ID, User_ID)
VALUES
('Running', 'Morning Run', 200.50, '00:45:00', 1001, 10001),
('Yoga', 'Yoga Flow', 150.75, '00:58:00', 1002, 10002),
('Weightlifting', 'Weightlifting Basics', 300.25, '00:50:00', 1003, 10003),
('Cycling', 'Indoor Cycling', 250.00, '00:55:00', 1004, 10004),
('HIIT', 'Functional Training', 400.00, '00:45:00', 1005, 10005),
('Swimming', 'Power Yoga', 350.75, '00:55:00', 1006, 10006),
('Pilates', 'Pilates Core', 180.50, '00:50:00', 1007, 10007),
('CrossFit', 'CrossFit Conditioning', 380.25, '00:58:00', 1008, 10008),
('Zumba', 'Zumba Fitness', 220.00, '00:55:00', 1009, 10009),
('Walking', 'Martial Arts Workout', 120.75, '00:45:00', 1010, 10010),
('Running', 'Afternoon Run', 190.25, '00:50:00', 1011, 10011),
('Yoga', 'Hatha Yoga', 160.00, '00:58:00', 1012, 10012),
('Weightlifting', 'Powerlifting Basics', 320.50, '00:55:00', 1013, 10013),
('Cycling', 'Outdoor Cycling', 270.75, '00:45:00', 1014, 10014),
('HIIT', 'Tabata', 420.00, '00:50:00', 1015, 10015),
('Swimming', 'Freestyle', 380.25, '00:55:00', 1016, 10016),
('Pilates', 'Reformer Pilates', 200.50, '00:45:00', 1017, 10017),
('CrossFit', 'Metcon', 400.75, '00:58:00', 1018, 10018),
('Zumba', 'Aqua Zumba', 240.00, '00:55:00', 1019, 10019),
('Walking', 'Morning Walk', 130.75, '00:45:00', 1020, 10020),
('Running', 'Evening Jog', 210.25, '00:50:00', 1021, 10021),
('Yoga', 'Restorative Yoga', 170.00, '00:58:00', 1022, 10022),
('Weightlifting', 'Bodybuilding', 340.50, '00:55:00', 1023, 10023),
('Cycling', 'Spin Class', 280.75, '00:45:00', 1024, 10024),
('HIIT', 'Circuit Training', 440.00, '00:50:00', 1025, 10025),
('Swimming', 'Backstroke', 410.25, '00:55:00', 1026, 10026),
('Pilates', 'Barre Pilates', 220.50, '00:45:00', 1027, 10027),
('CrossFit', 'EMOM', 420.75, '00:58:00', 1028, 10028),
('Zumba', 'Zumba Toning', 260.00, '00:55:00', 1029, 10029),
('Walking', 'Afternoon Stroll', 140.75, '00:45:00', 1030, 10030);



INSERT INTO Device (Type, Device_ID, Last_Sync, Battery_Level, Metric_Record_ID, User_ID)
VALUES
('Smartwatch', 123456, '2024-03-22 08:00:00', 90.50, 1, 10001),
('Fitbit', 234567, '2024-03-22 07:30:00', 85.25, 2, 10002),
('Smartphone', 345678, '2024-03-22 09:00:00', 80.00, 3, 10003),
('Smartwatch', 456789, '2024-03-22 08:45:00', 75.75, 4, 10004),
('Fitbit', 567890, '2024-03-22 06:30:00', 70.50, 5, 10005),
('Smartphone', 678901, '2024-03-22 07:15:00', 65.25, 6, 10006),
('Smartwatch', 789012, '2024-03-22 08:30:00', 60.00, 7, 10007),
('Fitbit', 890123, '2024-03-22 07:45:00', 55.75, 8, 10008),
('Smartphone', 901234, '2024-03-22 06:00:00', 50.50, 9, 10009),
('Smartwatch', 101234, '2024-03-22 09:15:00', 45.25, 10, 10010),
('Fitbit', 112345, '2024-03-22 08:20:00', 40.00, 11, 10011),
('Smartphone', 122456, '2024-03-22 07:00:00', 35.75, 12, 10012),
('Smartwatch', 132567, '2024-03-22 08:45:00', 30.50, 13, 10013),
('Fitbit', 142678, '2024-03-22 07:30:00', 25.25, 14, 10014),
('Smartphone', 152789, '2024-03-22 09:00:00', 20.00, 15, 10015),
('Smartwatch', 162890, '2024-03-22 08:15:00', 15.75, 16, 10016),
('Fitbit', 173901, '2024-03-22 06:45:00', 10.50, 17, 10017),
('Smartphone', 183012, '2024-03-22 09:30:00', 5.25, 18, 10018),
('Smartwatch', 193123, '2024-03-22 08:00:00', 90.50, 19, 10019),
('Fitbit', 203234, '2024-03-22 07:15:00', 85.25, 20, 10020),
('Smartphone', 213345, '2024-03-22 09:45:00', 80.00, 21, 10021),
('Smartwatch', 223456, '2024-03-22 08:30:00', 75.75, 22, 10022),
('Fitbit', 233567, '2024-03-22 06:15:00', 70.50, 23, 10023),
('Smartphone', 243678, '2024-03-22 09:00:00', 65.25, 24, 10024),
('Smartwatch', 253789, '2024-03-22 08:00:00', 60.00, 25, 10025),
('Fitbit', 263890, '2024-03-22 07:45:00', 55.75, 26, 10026),
('Smartphone', 273901, '2024-03-22 06:30:00', 50.50, 27, 10027),
('Smartwatch', 283012, '2024-03-22 08:15:00', 45.25, 28, 10028),
('Fitbit', 293123, '2024-03-22 07:00:00', 40.00, 29, 10029),
('Smartphone', 303234, '2024-03-22 09:30:00', 35.75, 30, 10030);

-- Insert values into the Nutrition_Record table
INSERT INTO Nutrition_Record (Log_Date, Nutrition_Log_ID, Calories, Food, Macros, User_ID)
 VALUES 
     ('2024-04-01', 1000001, 500.25, 'Chicken Salad', 'Protein: 25g, Carbs: 15g, Fat: 10g', 10001),
     ('2024-04-02', 1000002, 350.75, 'Oatmeal', 'Protein: 10g, Carbs: 40g, Fat: 8g', 10002),
     ('2024-04-03', 1000003, 600.50, 'Grilled Salmon', 'Protein: 30g, Carbs: 5g, Fat: 20g', 10003),
     ('2024-04-04', 1000004, 450.00, 'Greek Yogurt', 'Protein: 20g, Carbs: 25g, Fat: 15g', 10004),
     ('2024-04-05', 1000005, 700.25, 'Quinoa Salad', 'Protein: 35g, Carbs: 50g, Fat: 12g', 10005),
     ('2024-04-06', 1000006, 400.75, 'Avocado Toast', 'Protein: 15g, Carbs: 30g, Fat: 18g', 10006),
     ('2024-04-07', 1000007, 550.00, 'Pasta with Tomato Sauce', 'Protein: 20g, Carbs: 65g, Fat: 10g', 10007),
     ('2024-04-08', 1000008, 620.50, 'Beef Stir Fry', 'Protein: 40g, Carbs: 35g, Fat: 25g', 10008),
     ('2024-04-09', 1000009, 480.25, 'Egg Salad Sandwich', 'Protein: 25g, Carbs: 40g, Fat: 15g', 10009),
     ('2024-04-10', 1000010, 530.75, 'Rice and Beans', 'Protein: 20g, Carbs: 55g, Fat: 8g', 10010),
     ('2024-04-11', 1000011, 680.50, 'Salmon Teriyaki', 'Protein: 30g, Carbs: 40g, Fat: 30g', 10011),
     ('2024-04-12', 1000012, 410.00, 'Greek Salad', 'Protein: 15g, Carbs: 25g, Fat: 20g', 10012),
     ('2024-04-13', 1000013, 590.25, 'Vegetable Soup', 'Protein: 10g, Carbs: 35g, Fat: 25g', 10013),
     ('2024-04-14', 1000014, 450.75, 'Tofu Stir Fry', 'Protein: 20g, Carbs: 30g, Fat: 15g', 10014),
     ('2024-04-15', 1000015, 520.00, 'Whole Wheat Pasta with Pesto', 'Protein: 15g, Carbs: 60g, Fat: 20g', 10015),
     ('2024-04-16', 1000016, 690.50, 'Grilled Chicken with Quinoa', 'Protein: 35g, Carbs: 45g, Fat: 30g', 10016),
     ('2024-04-17', 1000017, 430.25, 'Cauliflower Rice Bowl', 'Protein: 20g, Carbs: 30g, Fat: 15g', 10017),
     ('2024-04-18', 1000018, 560.75, 'Turkey Wrap', 'Protein: 25g, Carbs: 40g, Fat: 20g', 10018),
     ('2024-04-19', 1000019, 640.00, 'Salad with Grilled Shrimp', 'Protein: 30g, Carbs: 50g, Fat: 25g', 10019),
     ('2024-04-20', 1000020, 470.25, 'Sweet Potato and Black Bean Bowl', 'Protein: 20g, Carbs: 40g, Fat: 15g', 10020),
     ('2024-04-21', 1000021, 540.75, 'Chicken Caesar Salad', 'Protein: 25g, Carbs: 35g, Fat: 18g', 10021),
     ('2024-04-22', 1000022, 600.00, 'Smoothie with Berries and Spinach', 'Protein: 10g, Carbs: 45g, Fat: 5g', 10022),
     ('2024-04-23', 1000023, 490.25, 'Roasted Vegetable Medley', 'Protein: 5g, Carbs: 30g, Fat: 10g', 10023),
     ('2024-04-24', 1000024, 570.75, 'Vegetable Stir Fry', 'Protein: 15g, Carbs: 40g, Fat: 20g', 10024),
     ('2024-04-25', 1000025, 350.00, 'Chicken Tikka Masala', 'Protein: 20g, Carbs: 30g, Fat: 12g', 10025),
     ('2024-04-26', 1000026, 480.50, 'Steak and Roasted Potatoes', 'Protein: 30g, Carbs: 35g, Fat: 25g', 10026),
     ('2024-04-27', 1000027, 520.75, 'Mediterranean Bowl', 'Protein: 25g, Carbs: 45g, Fat: 18g', 10027),
     ('2024-04-28', 1000028, 600.25, 'Salmon Salad', 'Protein: 30g, Carbs: 20g, Fat: 35g', 10028),
     ('2024-04-29', 1000029, 450.50, 'Stuffed Bell Peppers', 'Protein: 20g, Carbs: 30g, Fat: 20g', 10029),
     ('2024-04-30', 1000030, 530.75, 'Veggie Burger with Sweet Potato Fries', 'Protein: 15g, Carbs: 50g, Fat: 25g', 10030);

